{"cameraMode":{"drawMode":0,"name":"Shaded","section":"Shading Mode"},"sceneLighting":true,"audioPlay":false,"sceneViewState":{"m_AlwaysRefresh":false,"showFog":true,"showSkybox":true,"showFlares":true,"showImageEffects":true,"showParticleSystems":true,"showVisualEffectGraphs":true,"m_FxEnabled":true},"in2DMode":false,"pivot":{"x":13.461190223693848,"y":-7.4451751708984379,"z":66.16120910644531},"rotation":{"x":0.20056363940238954,"y":0.009002733044326306,"z":-0.0022532278671860697,"w":0.9798247218132019},"size":46.985538482666019,"orthographic":false}