{"cameraMode":{"drawMode":0,"name":"Shaded","section":"Shading Mode"},"sceneLighting":true,"audioPlay":false,"sceneViewState":{"m_AlwaysRefresh":false,"showFog":true,"showSkybox":true,"showFlares":true,"showImageEffects":true,"showParticleSystems":true,"showVisualEffectGraphs":true,"m_FxEnabled":true},"in2DMode":false,"pivot":{"x":210.51377868652345,"y":-193.98316955566407,"z":-162.960205078125},"rotation":{"x":0.14877042174339295,"y":0.8435397744178772,"z":-0.30000928044319155,"w":0.42028287053108218},"size":180.15744018554688,"orthographic":false}