{"cameraMode":{"drawMode":0,"name":"Shaded","section":"Shading Mode"},"sceneLighting":true,"audioPlay":false,"sceneViewState":{"m_AlwaysRefresh":false,"showFog":true,"showSkybox":true,"showFlares":true,"showImageEffects":true,"showParticleSystems":true,"showVisualEffectGraphs":true,"m_FxEnabled":true},"in2DMode":false,"pivot":{"x":17.747390747070314,"y":-18.946048736572267,"z":13.935846328735352},"rotation":{"x":0.4854046106338501,"y":0.0742553174495697,"z":-0.04279788210988045,"w":0.8704426288604736},"size":28.48838233947754,"orthographic":false}