{"cameraMode":{"drawMode":0,"name":"Shaded","section":"Shading Mode"},"sceneLighting":true,"audioPlay":false,"sceneViewState":{"m_AlwaysRefresh":false,"showFog":true,"showSkybox":true,"showFlares":true,"showImageEffects":true,"showParticleSystems":true,"showVisualEffectGraphs":true,"m_FxEnabled":true},"in2DMode":false,"pivot":{"x":12.704668998718262,"y":-5.09092903137207,"z":-17.027341842651368},"rotation":{"x":0.041143547743558887,"y":0.9384097456932068,"z":-0.32146042585372927,"w":0.1206279769539833},"size":16.346778869628908,"orthographic":false}