{"cameraMode":{"drawMode":0,"name":"Shaded","section":"Shading Mode"},"sceneLighting":true,"audioPlay":false,"sceneViewState":{"m_AlwaysRefresh":false,"showFog":true,"showSkybox":true,"showFlares":true,"showImageEffects":true,"showParticleSystems":true,"showVisualEffectGraphs":true,"m_FxEnabled":true},"in2DMode":false,"pivot":{"x":16.911027908325197,"y":-16.18471908569336,"z":103.77816009521485},"rotation":{"x":0.13248027861118318,"y":0.025119759142398835,"z":-0.004158914554864168,"w":0.9910650253295898},"size":43.263492584228519,"orthographic":false}