{"cameraMode":{"drawMode":0,"name":"Shaded","section":"Shading Mode"},"sceneLighting":true,"audioPlay":false,"sceneViewState":{"m_AlwaysRefresh":false,"showFog":true,"showSkybox":true,"showFlares":true,"showImageEffects":true,"showParticleSystems":true,"showVisualEffectGraphs":true,"m_FxEnabled":true},"in2DMode":false,"pivot":{"x":26.440397262573243,"y":5.8811116218566898,"z":154.9795379638672},"rotation":{"x":-0.003282565390691161,"y":-0.07219131290912628,"z":0.0004649332258850336,"w":-0.9976069927215576},"size":70.06813049316406,"orthographic":false}