{"cameraMode":{"drawMode":0,"name":"Shaded","section":"Shading Mode"},"sceneLighting":true,"audioPlay":false,"sceneViewState":{"m_AlwaysRefresh":false,"showFog":true,"showSkybox":true,"showFlares":true,"showImageEffects":true,"showParticleSystems":true,"showVisualEffectGraphs":true,"m_FxEnabled":true},"in2DMode":false,"pivot":{"x":33.55525207519531,"y":-4.712553977966309,"z":-15.426430702209473},"rotation":{"x":0.10825047641992569,"y":0.8764849305152893,"z":-0.23299431800842286,"w":0.40727534890174868},"size":17.609195709228517,"orthographic":false}